﻿<?xml version="1.0" encoding="utf-8"?>
<parameters>
  <parameter name="IIS Web Application Name" description="" defaultValue="Default Web Site" tags="IisApp">
    <parameterEntry kind="ProviderPath" scope="IisApp" match="^C:\\Users\\mlee\\Desktop\\onboarding\\MVC\\MvcMovie\\MvcMovie\\obj\\Release\\Package\\PackageTmp$" />
    <parameterEntry kind="ProviderPath" scope="setAcl" match="^C:\\Users\\mlee\\Desktop\\onboarding\\MVC\\MvcMovie\\MvcMovie\\obj\\Release\\Package\\PackageTmp$" />
  </parameter>
  <parameter name="DefaultConnection-Web.config Connection String" description="" defaultValue="" tags="">
    <parameterEntry kind="XmlFile" scope="C:\\Users\\mlee\\Desktop\\onboarding\\MVC\\MvcMovie\\MvcMovie\\obj\\Release\\Package\\PackageTmp\\Web\.config$" match="/configuration/connectionStrings/add[@name='DefaultConnection']/@connectionString" />
  </parameter>
  <parameter name="MovieDBContext-Web.config Connection String" description="" defaultValue="" tags="">
    <parameterEntry kind="XmlFile" scope="C:\\Users\\mlee\\Desktop\\onboarding\\MVC\\MvcMovie\\MvcMovie\\obj\\Release\\Package\\PackageTmp\\Web\.config$" match="/configuration/connectionStrings/add[@name='MovieDBContext']/@connectionString" />
  </parameter>
</parameters>